Chemicals- Various,,,,,,,,,,,,,,,,,,,,,,,,,Target  Pay,,,o/o Hourly,,Revenue Share,,
Ship Point,Delivery Point,Product,dist. 1 way,rate $,drive hrs,Speed,fuel Sur,driving $,chains,load,unload ,load $,unload $,MT,Misc. $130,Per Trip,MT Rate,Rev (40MT),Hourly,driver Pay,standby ,hrs,o/o Bizi,o/o Own,Target Bizi,Target o/o,o/o Own,(h) w Bizi,(h) own,% o/o Bizi,% own,Bizi driver
"Edmonton, AB","Comox, BC",Alumnium Chlorohydrate,469,173.00,12.51,75.00,13%,"$2,163.65",$0.00,2,2,$140.00,$170.00,28,$0.00,"$2,783.78",$99.42,"$3,145.68",$190.57,$577.73,$28.00,16.51,"$1,898.38","$2,145.98",35,115,130,$115.01,$130.01,60.35%,68.22%,18.37%
"Edmonton, AB","Cumberland, BC",PAC,1330,170.00,35.47,75.00,13%,"$6,029.33",$0.00,2,2,$140.00,$170.00,28,$0.00,"$6,649.46",$237.48,"$7,513.89",$190.39,"$1,381.33",$28.00,39.47,"$4,538.78","$5,130.78",35,115,130,$115.00,$130.00,60.41%,68.28%,18.38%
"Edmonton, AB","Cumberland, BC",PAC,1330,171.00,38.00,70.00,13%,"$6,498.00",$0.00,4.5,2,128.89,$170.00,40,$0.00,"$7,418.14",$185.45,"$8,382.49",$188.37,"$1,557.50",$28.00,44.50,"$5,117.61","$5,785.11",35,115,130,$115.00,$130.00,61.05%,69.01%,18.58%
"Edmonton, AB","Dawson Creek, BC",PAC 8,574,171.00,14.35,80.00,13%,"$2,453.85",$0.00,1.5,1.5,$140.00,$170.00,7.6,$0.00,"$2,918.98",$384.08,"$3,298.45",$190.11,$607.25,$28.00,17.35,"$1,995.36","$2,255.61",35,115,130,$115.01,$130.01,60.49%,68.38%,18.41%
"Edmonton, AB","Fort Nelson, BC",PAC,1029,171.00,27.44,75.00,13%,"$4,692.24",$0.00,2,2,$140.00,$170.00,28,$0.00,"$5,312.37",$189.73,"$6,002.98",$190.93,"$1,100.40",$28.00,31.44,"$3,615.71","$4,087.31",35,115,130,$115.00,$130.00,60.23%,68.09%,18.33%
"Edmonton, AB","Fort Nelson, BC",ACH,1029,171.00,27.44,75.00,13%,"$4,692.24",$0.00,2,2,$140.00,$170.00,28,$0.00,"$5,312.37",$189.73,"$6,002.98",$190.93,"$1,100.40",$28.00,31.44,"$3,615.71","$4,087.31",35,115,130,$115.00,$130.00,60.23%,68.09%,18.33%
"Edmonton, AB",Kelowna BMID,PAC,912,171.00,24.32,75.00,13%,"$4,158.72",$0.00,2,2,$140.00,$170.00,28,$0.00,"$4,778.85",$170.67,"$5,400.10",$190.68,$991.20,$28.00,28.32,"$3,256.91","$3,681.71",35,115,130,$115.00,$130.00,60.31%,68.18%,18.36%
"Edmonton, AB","Lavington, BC",PAC,868,171.00,23.15,75.00,13%,"$3,958.08",$0.00,2,2,$140.00,$170.00,28,$0.00,"$4,578.21",$163.51,"$5,173.38",$190.57,$950.13,$25.00,27.15,"$3,257.71","$3,529.18",35,120,130,$120.00,$130.00,62.97%,68.22%,18.37%
"Edmonton, AB","Lavington, BC",PAC,868,173.00,24.80,70.00,13%,"$4,290.40",$0.00,4.5,2,128.89,$170.00,36,$0.00,"$5,210.54",$144.74,"$5,887.90",$188.11,"$1,095.50",$25.00,31.30,"$3,756.11","$4,069.11",35,120,130,$120.00,$130.00,63.79%,69.11%,18.61%
"Edmonton, AB","Lavington, BC",PAC,868,173.00,24.80,70.00,13%,"$4,290.40",$0.00,4.5,2,128.89,$170.00,40,$0.00,"$5,210.54",$130.26,"$5,887.90",$188.11,"$1,095.50",$28.00,31.30,"$3,756.11","$4,069.11",35,120,130,$120.00,$130.00,63.79%,69.11%,18.61%
"Edmonton, AB","Peace River, BC",Liquid Alum,495,173.00,13.20,75.00,13%,"$2,283.60",$0.00,2,2,$140.00,$170.00,28,$0.00,"$2,903.73",$103.70,"$3,281.21",$190.77,$602.00,$28.00,17.20,"$1,978.11","$2,236.11",35,115,130,$115.01,$130.01,60.29%,68.15%,18.35%
"Edmonton, AB","Peace River, BC",Liquid Alum,495,178.00,14.14,70.00,13%,"$2,517.43",$0.00,4.5,2,128.89,$170.00,40,$0.00,"$3,437.56",$85.94,"$3,884.45",$188.17,$722.50,$28.00,20.64,"$2,374.04","$2,683.68",35,115,130,$115.01,$130.01,61.12%,69.09%,18.60%
"Edmonton, AB","Peachland, BC",PAC,929,171.00,23.23,80.00,13%,"$3,971.48",$0.00,2,2,$140.00,$170.00,20,$0.00,"$4,591.61",$229.58,"$5,188.51",$190.58,$952.88,$28.00,27.23,"$3,267.11","$3,539.36",35,120,130,$120.00,$130.00,62.97%,68.22%,18.37%
"Edmonton, AB","Peachland, BC",PAC,929,171.00,24.77,75.00,13%,"$4,236.24",$0.00,2,2,$140.00,$170.00,28,$0.00,"$4,856.37",$173.44,"$5,487.70",$190.72,"$1,007.07",$28.00,28.77,"$3,452.91","$3,740.64",35,120,130,$120.00,$130.00,62.92%,68.16%,18.35%
"Edmonton, AB","Peachland, BC",ACH,929,171.00,24.77,75.00,13%,"$4,236.24",$0.00,2,2,$140.00,$170.00,28,$0.00,"$4,856.37",$173.44,"$5,487.70",$190.72,"$1,007.07",$28.00,28.77,"$3,452.91","$3,740.64",35,120,130,$120.00,$130.00,62.92%,68.16%,18.35%
"Edmonton, AB","Penticton, BC",PAC,966,171.00,25.76,75.00,13%,"$4,404.96",$0.00,2,2,$140.00,$170.00,28,$0.00,"$5,025.09",$179.47,"$5,678.35",$190.80,"$1,041.60",$28.00,29.76,"$3,571.31","$3,868.91",35,120,130,$120.00,$130.00,62.89%,68.13%,18.34%
"Edmonton, AB","Penticton, BC",AluPAC 8000 B,966,139.10,25.76,75.00,13%,"$3,583.22",$0.00,2,2,$140.00,$170.00,34,$0.00,"$4,203.35",$123.63,"$4,749.78",$159.60,"$1,041.60",$28.00,29.76,"$3,571.31","$3,868.91",35,120,130,$120.00,$130.00,75.19%,81.45%,21.93%
"Edmonton, AB","Penticton, BC",Caustic 25%,966,171.00,24.15,80.00,13%,"$4,129.65",$0.00,2,2,$140.00,$170.00,20,$0.00,"$4,749.78",$237.49,"$5,367.25",$190.67,$985.25,$28.00,28.15,"$3,378.11","$3,659.61",35,120,130,$120.00,$130.00,62.94%,68.18%,18.36%
"Edmonton, AB","Port Hardy, BC",ISOPAC 6,1673,170.00,41.83,80.00,13%,"$7,110.25",$0.00,2,4,$140.00,$170.00,22,$0.00,"$8,070.38",$366.84,"$9,119.53",$190.69,"$1,673.88",$28.00,47.83,"$5,739.11","$6,217.36",35,120,130,$120.00,$130.00,62.93%,68.18%,18.35%
"Edmonton, AB","Radium Hot Springs, BC",PAC 6,560,172.00,14.00,80.00,13%,"$2,408.00",$0.00,2,2,$140.00,$170.00,7,$0.00,"$3,028.13",$432.59,"$3,421.79",$190.10,$630.00,$28.00,18.00,"$2,070.11","$2,340.11",35,115,130,$115.01,$130.01,60.50%,68.39%,18.41%
"Edmonton, AB","Salmon Arm, BC",PAC,810,171.00,20.25,80.00,13%,"$3,462.75",$0.00,2,2,$140.00,$170.00,20,$0.00,"$4,082.88",$204.14,"$4,613.65",$190.25,$848.75,$28.00,24.25,"$2,788.86","$3,152.61",35,115,130,$115.00,$130.00,60.45%,68.33%,18.40%
"Edmonton, AB","Salmon Arm, BC",PAC,810,171.00,20.25,80.00,13%,"$3,462.75",$0.00,2,2,$140.00,$170.00,24.5,$0.00,"$4,082.88",$166.65,"$4,613.65",$190.25,$848.75,$28.00,24.25,"$2,788.86","$3,152.61",35,115,130,$115.00,$130.00,60.45%,68.33%,18.40%
"Edmonton, AB","Sechelt, BC",PAC,1214,172.00,34.69,70.00,13%,"$5,965.94",$0.00,4.5,2,128.89,$170.00,38,$0.00,"$6,886.08",$181.21,"$7,781.27",$188.93,"$1,441.50",$28.00,41.19,"$4,736.47","$5,354.25",35,115,130,$115.00,$130.00,60.87%,68.81%,18.53%
"Edmonton, AB","Sechelt, BC",ISOPAC,1214,172.00,33.49,72.50,13%,"$5,760.22",$0.00,4.5,2,128.89,$170.00,34,$0.00,"$6,680.36",$196.48,"$7,548.80",$188.77,"$1,399.64",$28.00,39.99,"$4,598.92","$5,198.77",35,115,130,$115.00,$130.00,60.92%,68.87%,18.54%
"Edmonton, AB","Sechelt, BC",PAC,1214,170.00,32.37,75.00,13%,"$5,503.47",$0.00,2,2,$140.00,$170.00,28,$0.00,"$6,123.60",$218.70,"$6,919.66",$190.24,"$1,273.07",$28.00,36.37,"$4,183.04","$4,728.64",35,115,130,$115.00,$130.00,60.45%,68.34%,18.40%
"Edmonton, AB","Summerland, BC",PAC,950,173.00,27.14,70.00,13%,"$4,695.71",$0.00,4.5,2,128.89,$170.00,40,$0.00,"$5,615.85",$140.40,"$6,345.91",$188.63,"$1,177.50",$28.00,33.64,"$4,037.25","$4,373.68",35,120,130,$120.00,$130.00,63.62%,68.92%,18.56%
"Edmonton, AB",Summerland,PAC,950,171.00,25.33,75.00,13%,"$4,332.00",$0.00,2,2,$140.00,$170.00,28,$0.00,"$4,952.13",$176.86,"$5,595.91",$190.77,"$1,026.67",$28.00,29.33,"$3,520.11","$3,813.44",35,120,130,$120.00,$130.00,62.91%,68.15%,18.35%
"Edmonton, AB",Summerland,PAC,950,171.00,23.75,80.00,13%,"$4,061.25",$0.00,2,2,$140.00,$170.00,20,$0.00,"$4,681.38",$234.07,"$5,289.96",$190.63,$971.25,$28.00,27.75,"$3,330.11","$3,607.61",35,120,130,$120.00,$130.00,62.95%,68.20%,18.36%
"Edmonton, AB","Vancouver, BC",PAC,1155,170.00,30.80,75.00,13%,"$5,236.00",$0.00,2,2,$140.00,$170.00,28,$0.00,"$5,856.13",$209.15,"$6,617.43",$190.16,"$1,218.00",$28.00,34.80,"$4,002.11","$4,524.11",35,115,130,$115.00,$130.00,60.48%,68.37%,18.41%
"Edmonton, AB","West Kelowna, BC",PAC,914,171.00,22.85,80.00,13%,"$3,907.35",$0.00,2,2,$140.00,$170.00,20,$0.00,"$4,527.48",$226.37,"$5,116.05",$190.54,$939.75,$25.00,26.85,"$3,222.11","$3,490.61",35,120,130,$120.00,$130.00,62.98%,68.23%,18.37%
"Edmonton, AB","West Kelowna, BC",PAC,914,171.00,24.37,75.00,13%,"$4,167.84",$0.00,2,2,$140.00,$170.00,28,$0.00,"$4,787.97",$171.00,"$5,410.41",$190.69,$993.07,$25.00,28.37,"$3,404.91","$3,688.64",35,120,130,$120.00,$130.00,62.93%,68.18%,18.35%
"Edmonton, AB","West Kelowna, BC",PAC,914,173.00,26.11,70.00,13%,"$4,517.77",$0.00,4.5,2,128.89,$170.00,39.5,$0.00,"$5,437.91",$137.67,"$6,144.83",$188.41,"$1,141.50",$26.00,32.61,"$3,913.82","$4,239.97",35,120,130,$120.00,$130.00,63.69%,69.00%,18.58%
"Edmonton, AB","West Kelowna, BC",ACH,914,171.00,24.37,75.00,13%,"$4,167.84",$0.00,2,2,$140.00,$170.00,28,$0.00,"$4,787.97",$171.00,"$5,410.41",$190.69,$993.07,$26.00,28.37,"$3,404.91","$3,688.64",35,120,130,$120.00,$130.00,62.93%,68.18%,18.35%
"Edmonton, AB","West Kelowna, BC",ACH,914,173.00,26.11,70.00,13%,"$4,517.77",$0.00,4.5,2,128.89,$170.00,34,$0.00,"$5,437.91",$159.94,"$6,144.83",$188.41,"$1,141.50",$26.00,32.61,"$3,913.82","$4,239.97",35,120,130,$120.00,$130.00,63.69%,69.00%,18.58%
"Edmonton, AB","West Kelowna, BC",ACH,914,173.00,26.11,70.00,13%,"$4,517.77",$0.00,4.5,2,128.89,$170.00,38,$0.00,"$5,437.91",$143.10,"$6,144.83",$188.41,"$1,141.50",$26.00,32.61,"$3,913.82","$4,239.97",35,120,130,$120.00,$130.00,63.69%,69.00%,18.58%
"Prince George, AB","Salmon Arm, BC",Liquid Alum,627,172.00,16.72,75.00,13%,"$2,875.84",$0.00,2,2,$140.00,$170.00,28,$0.00,"$3,495.97",$124.86,"$3,950.45",$190.66,$725.20,$28.00,20.72,"$2,382.91","$2,693.71",35,115,130,$115.01,$130.01,60.32%,68.19%,18.36%
"Burnaby, BC","West Kelowna, BC",Aluminum Sulphate,370,174.00,9.87,75.00,13%,"$1,716.80",$0.00,2,2,$140.00,$170.00,28,$0.00,"$2,336.93",$83.46,"$2,640.73",$190.44,$485.33,$28.00,13.87,"$1,664.11","$1,802.78",35,120,130,$120.01,$130.01,63.02%,68.27%,18.38%
"Burnaby, BC","Salmon Arm, BC",Aluminum Sulphate,449,173.00,11.97,75.00,13%,"$2,071.39",$0.00,2,2,$140.00,$170.00,28,$0.00,"$2,691.52",$96.13,"$3,041.41",$190.41,$559.07,$28.00,15.97,"$1,837.04","$2,076.64",35,115,130,$115.01,$130.01,60.40%,68.28%,18.38%
"Tacoma, WA","Penticton, BC",ACH,538,172.00,13.45,80.00,13%,"$2,313.40",$0.00,2,2,$140.00,$170.00,20,$0.00,"$2,933.53",$146.68,"$3,314.89",$189.96,$610.75,$28.00,17.45,"$2,006.86","$2,268.61",35,115,130,$115.01,$130.01,60.54%,68.44%,18.42%
"Tacoma, WA","Peachland, BC",ACH,573,172.00,14.33,80.00,13%,"$2,463.90",$0.00,2,2,$140.00,$170.00,20,$0.00,"$3,084.03",$154.20,"$3,484.95",$190.17,$641.38,$28.00,18.33,"$2,107.49","$2,382.36",35,115,130,$115.01,$130.01,60.47%,68.36%,18.40%
"Edmonton, AB","Whitehorse, YT",ISOPAC,1980,170.00,52.80,75.00,13%,"$8,976.00",$0.00,2,2,$140.00,$170.00,28,$0.00,"$9,596.13",$342.72,"$10,843.63",$190.91,"$1,988.00",$28.00,56.80,"$6,532.11","$7,384.11",35,115,130,$115.00,$130.00,60.24%,68.10%,18.33%
"Woodland, WA","Tofino, BC",AluTreat,749,171.00,19.97,75.00,13%,"$3,415.44",$0.00,2,2,$140.00,$170.00,28,$0.00,"$4,035.57",$144.13,"$4,560.19",$190.22,$839.07,$28.00,23.97,"$2,757.04","$3,116.64",35,115,130,$115.00,$130.00,60.46%,68.34%,18.40%
"Edmonton, AB","West Kelowna, BC",Alum,914,171.00,24.37,75.00,13%,"$4,167.84",$0.00,2,2,$140.00,$170.00,28,$0.00,"$4,787.97",$171.00,"$5,410.41",$190.69,$993.07,$28.00,28.37,"$3,263.04","$3,688.64",35,115,130,$115.00,$130.00,60.31%,68.18%,18.35%
"Edmonton, AB","West Kelowna, BC",Alum,914,173.00,26.11,70.00,13%,"$4,517.77",$0.00,4.5,2,128.89,$170.00,40,$0.00,"$5,437.91",$135.95,"$6,144.83",$188.41,"$1,141.50",$28.00,32.61,"$3,750.75","$4,239.97",35,115,130,$115.00,$130.00,61.04%,69.00%,18.58%
"Tacoma, WA","West Kelowna, BC",Alum,593,172.00,15.81,75.00,13%,"$2,719.89",$0.00,2,2,$140.00,$170.00,28,$0.00,"$3,340.02",$119.29,"$3,774.23",$190.49,$693.47,$28.00,19.81,"$2,278.64","$2,575.84",35,115,130,$115.01,$130.01,60.37%,68.25%,18.37%
"Lower Mainland, BC","Lavington, BC",Epiamine,453,171.00,12.08,75.00,13%,"$2,065.68",$0.00,2,2,$140.00,$170.00,28,"$2,710.00","$5,395.81",$192.71,"$6,097.27",$379.18,$562.80,$28.00,16.08,"$1,849.31","$2,090.51",35,115,130,$115.01,$130.01,30.33%,34.29%,9.23%
"Edmonton, AB","Penticton, BC",ACH,973,171.00,25.95,75.00,13%,"$4,436.88",$0.00,2,2,$140.00,$170.00,28,$0.00,"$5,057.01",$180.61,"$5,714.42",$190.82,"$1,048.13",$28.00,29.95,"$3,593.71","$3,893.18",35,120,130,$120.00,$130.00,62.89%,68.13%,18.34%
"Edmonton, AB","Penticton, BC",ACH,973,171.00,27.80,70.00,13%,"$4,753.80",$0.00,2,2,$140.00,$170.00,40,$0.00,"$5,373.93",$134.35,"$6,072.54",$190.96,"$1,113.00",$28.00,31.80,"$3,816.11","$4,134.11",35,120,130,$120.00,$130.00,62.84%,68.08%,18.33%
"Edmonton, AB","Whistler, BC",PAC/ACH,1392,170.00,39.21,71.00,13%,"$6,665.92",$0.00,4.5,2,$140.00,$170.00,40,$0.00,"$7,636.05",$190.90,"$8,628.73",$188.77,"$1,599.89",$29.00,45.71,"$5,485.46","$5,942.58",35,120,130,$120.00,$130.00,63.57%,68.87%,18.54%
"Edmonton, AB","Courtenay, BC",ACH,1335,170.00,32.96,81.00,13%,"$5,603.70",$0.00,2,2,$140.00,$170.00,20,$0.00,"$6,223.83",$311.19,"$7,032.93",$190.27,"$1,293.70",$28.00,36.96,"$4,435.67","$4,805.30",35,120,130,$120.00,$130.00,63.07%,68.33%,18.39%
"Edmonton, AB","Courtenay, BC",ACH,1335,170.00,33.38,80.00,13%,"$5,673.75",$0.00,2,2,$140.00,$170.00,30,$0.00,"$6,293.88",$209.80,"$7,112.08",$190.29,"$1,308.13",$28.00,37.38,"$4,485.11","$4,858.86",35,120,130,$120.00,$130.00,63.06%,68.32%,18.39%
"Edmonton, AB","Courtenay, BC",ACH,1335,172.00,35.60,75.00,13%,"$6,123.20",$0.00,4.5,2,$140.00,$170.00,38,$0.00,"$7,093.33",$186.67,"$8,015.46",$190.39,"$1,473.50",$28.00,42.10,"$5,052.11","$5,473.11",35,120,130,$120.00,$130.00,63.03%,68.28%,18.38%
,,,,,,,,,,,,,,,,,,,,,,,,,,,,,,,,
,,,,,,,,,,,,,,,,,,,,,,,,,,,,,,,,
Chemicals- Various,,,,,,,,,,,,,,,,,,,,,,,,,,,,,,,,
Origin,Destination,Load Size (MT),Product,Rate Per Trip,FSC,Demerge,Bizi Pay,o/o Bizi,,,,,,,,,,,,,,,,,,,,,,,,
"Edmonton, AB","Comox, BC",28,Alumnium Chlorohydrate,"$3,145.68",13%,4.0,$577.73,"$1,898.38",,,,,,,,,,,,,,,,,,,,,,,,
"Edmonton, AB","Cumberland, BC",28,PAC,"$7,513.89",13%,4.0,"$1,381.33","$4,538.78",,,,,,,,,,,,,,,,,,,,,,,,
"Edmonton, AB","Cumberland, BC",40,PAC,"$8,382.49",13%,6.5,"$1,557.50","$5,117.61",,,,,,,,,,,,,,,,,,,,,,,,
"Edmonton, AB","Dawson Creek, BC",7.6,PAC 8,"$3,298.45",13%,3.0,$607.25,"$1,995.36",,,,,,,,,,,,,,,,,,,,,,,,
"Edmonton, AB","Fort Nelson, BC",28,PAC,"$6,002.98",13%,4.0,"$1,100.40","$3,615.71",,,,,,,,,,,,,,,,,,,,,,,,
"Edmonton, AB","Fort Nelson, BC",28,ACH,"$6,002.98",13%,4.0,"$1,100.40","$3,615.71",,,,,,,,,,,,,,,,,,,,,,,,
"Edmonton, AB",Kelowna BMID,28,PAC,"$5,400.10",13%,4.0,$991.20,"$3,256.91",,,,,,,,,,,,,,,,,,,,,,,,
"Edmonton, AB","Lavington, BC",28,PAC,"$5,173.38",13%,4.0,$950.13,"$3,257.71",,,,,,,,,,,,,,,,,,,,,,,,
"Edmonton, AB","Lavington, BC",36,PAC,"$5,887.90",13%,6.5,"$1,095.50","$3,756.11",,,,,,,,,,,,,,,,,,,,,,,,
"Edmonton, AB","Lavington, BC",40,PAC,"$5,887.90",13%,6.5,"$1,095.50","$3,756.11",,,,,,,,,,,,,,,,,,,,,,,,
"Edmonton, AB","Peace River, BC",28,Liquid Alum,"$3,281.21",13%,4.0,$602.00,"$1,978.11",,,,,,,,,,,,,,,,,,,,,,,,
"Edmonton, AB","Peace River, BC",40,Liquid Alum,"$3,884.45",13%,6.5,$722.50,"$2,374.04",,,,,,,,,,,,,,,,,,,,,,,,
"Edmonton, AB","Peachland, BC",20,PAC,"$5,188.51",13%,4.0,$952.88,"$3,267.11",,,,,,,,,,,,,,,,,,,,,,,,
"Edmonton, AB","Peachland, BC",28,PAC,"$5,487.70",13%,4.0,"$1,007.07","$3,452.91",,,,,,,,,,,,,,,,,,,,,,,,
"Edmonton, AB","Peachland, BC",28,ACH,"$5,487.70",13%,4.0,"$1,007.07","$3,452.91",,,,,,,,,,,,,,,,,,,,,,,,
"Edmonton, AB","Penticton, BC",28,PAC,"$5,678.35",13%,4.0,"$1,041.60","$3,571.31",,,,,,,,,,,,,,,,,,,,,,,,
"Edmonton, AB","Penticton, BC",34,AluPAC 8000 B,"$4,749.78",13%,4.0,"$1,041.60","$3,571.31",,,,,,,,,,,,,,,,,,,,,,,,
"Edmonton, AB","Penticton, BC",20,Caustic 25%,"$5,367.25",13%,4.0,$985.25,"$3,378.11",,,,,,,,,,,,,,,,,,,,,,,,
"Edmonton, AB","Port Hardy, BC",22,ISOPAC 6,"$9,119.53",13%,6.0,"$1,673.88","$5,739.11",,,,,,,,,,,,,,,,,,,,,,,,
"Edmonton, AB","Radium Hot Springs, BC",7,PAC 6,"$3,421.79",13%,4.0,$630.00,"$2,070.11",,,,,,,,,,,,,,,,,,,,,,,,
"Edmonton, AB","Salmon Arm, BC",20,PAC,"$4,613.65",13%,4.0,$848.75,"$2,788.86",,,,,,,,,,,,,,,,,,,,,,,,
"Edmonton, AB","Salmon Arm, BC",24.5,PAC,"$4,613.65",13%,4.0,$848.75,"$2,788.86",,,,,,,,,,,,,,,,,,,,,,,,
"Edmonton, AB","Sechelt, BC",38,PAC,"$7,781.27",13%,6.5,"$1,441.50","$4,736.47",,,,,,,,,,,,,,,,,,,,,,,,
"Edmonton, AB","Sechelt, BC",34,ISOPAC,"$7,548.80",13%,6.5,"$1,399.64","$4,598.92",,,,,,,,,,,,,,,,,,,,,,,,
"Edmonton, AB","Sechelt, BC",28,PAC,"$6,919.66",13%,4.0,"$1,273.07","$4,183.04",,,,,,,,,,,,,,,,,,,,,,,,
"Edmonton, AB","Summerland, BC",40,PAC,"$6,345.91",13%,6.5,"$1,177.50","$4,037.25",,,,,,,,,,,,,,,,,,,,,,,,
"Edmonton, AB",Summerland,28,PAC,"$5,595.91",13%,4.0,"$1,026.67","$3,520.11",,,,,,,,,,,,,,,,,,,,,,,,
"Edmonton, AB",Summerland,20,PAC,"$5,289.96",13%,4.0,$971.25,"$3,330.11",,,,,,,,,,,,,,,,,,,,,,,,
"Edmonton, AB","Vancouver, BC",28,PAC,"$6,617.43",13%,4.0,"$1,218.00","$4,002.11",,,,,,,,,,,,,,,,,,,,,,,,
"Edmonton, AB","West Kelowna, BC",20,PAC,"$5,116.05",13%,4.0,$939.75,"$3,222.11",,,,,,,,,,,,,,,,,,,,,,,,
"Edmonton, AB","West Kelowna, BC",28,PAC,"$5,410.41",13%,4.0,$993.07,"$3,404.91",,,,,,,,,,,,,,,,,,,,,,,,
"Edmonton, AB","West Kelowna, BC",39.5,PAC,"$6,144.83",13%,6.5,"$1,141.50","$3,913.82",,,,,,,,,,,,,,,,,,,,,,,,
"Edmonton, AB","West Kelowna, BC",28,ACH,"$5,410.41",13%,4.0,$993.07,"$3,404.91",,,,,,,,,,,,,,,,,,,,,,,,
"Edmonton, AB","West Kelowna, BC",34,ACH,"$6,144.83",13%,6.5,"$1,141.50","$3,913.82",,,,,,,,,,,,,,,,,,,,,,,,
"Edmonton, AB","West Kelowna, BC",38,ACH,"$6,144.83",13%,6.5,"$1,141.50","$3,913.82",,,,,,,,,,,,,,,,,,,,,,,,
"Prince George, AB","Salmon Arm, BC",28,Liquid Alum,"$3,950.45",13%,4.0,$725.20,"$2,382.91",,,,,,,,,,,,,,,,,,,,,,,,
"Burnaby, BC","West Kelowna, BC",28,Aluminum Sulphate,"$2,640.73",Variable,4.0,$485.33,"$1,664.11",,,,,,,,,,,,,,,,,,,,,,,,
"Burnaby, BC","Salmon Arm, BC",28,Aluminum Sulphate,"$3,041.41",Variable,4.0,$559.07,"$1,837.04",,,,,,,,,,,,,,,,,,,,,,,,
"Tacoma, WA","Penticton, BC",20,ACH,"$3,314.89",Variable,4.0,$610.75,"$2,006.86",,,,,,,,,,,,,,,,,,,,,,,,
"Tacoma, WA","Peachland, BC",20,ACH,"$3,484.95",Variable,4.0,$641.38,"$2,107.49",,,,,,,,,,,,,,,,,,,,,,,,
"Edmonton, AB","Whitehorse, YT",28,ISOPAC,"$10,843.63",Variable,4.0,"$1,988.00","$6,532.11",,,,,,,,,,,,,,,,,,,,,,,,
"Woodland, WA","Tofino, BC",28,AluTreat,"$4,560.19",Variable,4.0,$839.07,"$2,757.04",,,,,,,,,,,,,,,,,,,,,,,,
"Edmonton, AB","West Kelowna, BC",28,Alum,"$5,410.41",Variable,4.0,$993.07,"$3,263.04",,,,,,,,,,,,,,,,,,,,,,,,
"Edmonton, AB","West Kelowna, BC",40,Alum,"$6,144.83",Variable,6.5,"$1,141.50","$3,750.75",,,,,,,,,,,,,,,,,,,,,,,,
"Tacoma, WA","West Kelowna, BC",28,Alum,"$3,774.23",Variable,4.0,$693.47,"$2,278.64",,,,,,,,,,,,,,,,,,,,,,,,
"Lower Mainland, BC","Lavington, BC",28,Epiamine,"$6,097.27",Incl.,4.0,$562.80,"$1,849.31",,,,,,,,,,,,,,,,,,,,,,,,
"Edmonton, AB","Penticton, BC",28,ACH,"$5,714.42",Incl.,4.0,"$1,048.13","$3,593.71",,,,,,,,,,,,,,,,,,,,,,,,
"Edmonton, AB","Penticton, BC",40,ACH,"$6,072.54",Incl.,4.0,"$1,113.00","$3,816.11",,,,,,,,,,,,,,,,,,,,,,,,
"Edmonton, AB","Whistler, BC",40,PAC/ACH,"$8,628.73",Incl.,6.5,"$1,599.89","$5,485.46",,,,,,,,,,,,,,,,,,,,,,,,
"Edmonton, AB","Courtenay, BC",20,ACH,"$7,032.93",Incl.,4.0,"$1,293.70","$4,435.67",,,,,,,,,,,,,,,,,,,,,,,,
"Edmonton, AB","Courtenay, BC",30,ACH,"$7,112.08",Incl.,4.0,"$1,308.13","$4,485.11",,,,,,,,,,,,,,,,,,,,,,,,
"Edmonton, AB","Courtenay, BC",38,ACH,"$8,015.46",Incl.,6.5,"$1,473.50","$5,052.11",,,,,,,,,,,,,,,,,,,,,,,,
,,,,,,,,,,,,,,,,,,,,,,,,,,,,,,,,
,,,Standby,,$120.00,>Demerge,$28.00,$90.00,,,,,,,,,,,,,,,,,,,,,,,,
,,,Non Driving Ferry Time,,$90.00,Per Hour,$28.00,$90.00,,,,,,,,,,,,,,,,,,,,,,,,
,,,Daily Min,,$900.00,10hr Max,$300.00,$700.00,,,,,,,,,,,,,,,,,,,,,,,,
,,,Ferry / Permits,,Cost,1,$0.00,$0.00,,,,,,,,,,,,,,,,,,,,,,,,
,,,Chains,,$120.00,1,$28.00,$90.00,,,,,,,,,,,,,,,,,,,,,,,,
,,,Diversion,,$170.00,> Lane Rate,$35.00,$120.00,,,,,,,,,,,,,,,,,,,,,,,,
,,,Prelaod Request,,$500.00,Day Before,$200.00,$300.00,,,,,,,,,,,,,,,,,,,,,,,,
,,,Flush,,Incl,,$0.00,$0.00,,,,,,,,,,,,,,,,,,,,,,,,